id_atendimento,id_beneficiario,id_prestador,data_atendimento,tipo_atendimento,procedimento,valor,status
3001,1001,2001,2025-01-05,CONSULTA,CONSULTA ELETIVA,169.20,REALIZADO
3002,1002,2004,2025-02-26,INTERNACAO,INTERNACAO CLINICA 2 DIARIAS,4066.00,REALIZADO
3003,1003,2007,2025-03-21,TERAPIA,SESSAO FISIOTERAPIA,98.80,REALIZADO
3004,1004,2012,2025-04-17,EXAME,HEMOGRAMA COMPLETO,45.45,REALIZADO
3005,1005,2003,2025-05-12,EXAME,TOMOGRAFIA COMPUTADORIZADA,872.20,REALIZADO
3006,1006,2006,2025-06-09,EXAME,ULTRASSONOGRAFIA,199.50,REALIZADO
3007,1007,2011,2025-01-05,EXAME,RESSONANCIA MAGNETICA,1350.00,REALIZADO
3008,1008,2002,2025-02-26,TERAPIA,SESSAO QUIMIOTERAPIA,2520.00,REALIZADO
3009,1009,2005,2025-03-21,URGENCIA,ATENDIMENTO PRONTO SOCORRO,489.60,REALIZADO
3010,1010,2010,2025-04-17,CONSULTA,CONSULTA ESPECIALIZADA,257.40,REALIZADO
3011,1011,2001,2025-05-12,CONSULTA,CONSULTA ELETIVA,172.80,REALIZADO
3012,1012,2004,2025-06-09,INTERNACAO,INTERNACAO CLINICA 2 DIARIAS,4142.00,CANCELADO
3013,1013,2007,2025-01-05,TERAPIA,SESSAO FISIOTERAPIA,100.70,REALIZADO
3014,1014,2012,2025-02-26,EXAME,HEMOGRAMA COMPLETO,46.35,REALIZADO
3015,1015,2003,2025-03-21,EXAME,TOMOGRAFIA COMPUTADORIZADA,890.00,REALIZADO
3016,1016,2006,2025-04-17,EXAME,ULTRASSONOGRAFIA,203.70,REALIZADO
3017,1017,2011,2025-05-12,EXAME,RESSONANCIA MAGNETICA,1175.00,REALIZADO
3018,1018,2002,2025-06-09,TERAPIA,SESSAO QUIMIOTERAPIA,2568.00,REALIZADO
3019,1019,2005,2025-01-05,URGENCIA,ATENDIMENTO PRONTO SOCORRO,499.20,REALIZADO
3020,1020,2010,2025-02-26,CONSULTA,CONSULTA ESPECIALIZADA,262.60,REALIZADO
3021,1021,2001,2025-03-21,CONSULTA,CONSULTA ELETIVA,176.40,REALIZADO
3022,1022,2004,2025-04-17,INTERNACAO,INTERNACAO CLINICA 2 DIARIAS,3610.00,REALIZADO
3023,1023,2007,2025-05-12,TERAPIA,SESSAO FISIOTERAPIA,102.60,REALIZADO
3024,1024,2012,2025-06-09,EXAME,HEMOGRAMA COMPLETO,47.25,REALIZADO
3025,1025,2003,2025-01-05,EXAME,TOMOGRAFIA COMPUTADORIZADA,907.80,REALIZADO
3026,1026,2006,2025-02-26,EXAME,ULTRASSONOGRAFIA,207.90,REALIZADO
3027,1027,2011,2025-03-21,EXAME,RESSONANCIA MAGNETICA,1200.00,REALIZADO
3028,1028,2002,2025-04-17,TERAPIA,SESSAO QUIMIOTERAPIA,2616.00,CANCELADO
3029,1001,2005,2025-05-12,URGENCIA,ATENDIMENTO PRONTO SOCORRO,508.80,REALIZADO
3030,1002,2010,2025-06-09,CONSULTA,CONSULTA ESPECIALIZADA,267.80,REALIZADO
3031,1003,2001,2025-01-05,CONSULTA,CONSULTA ELETIVA,180.00,REALIZADO
3032,1004,2004,2025-02-26,INTERNACAO,INTERNACAO CLINICA 2 DIARIAS,3686.00,REALIZADO
3033,1005,2007,2025-03-21,TERAPIA,SESSAO FISIOTERAPIA,89.30,REALIZADO
3034,1006,2012,2025-04-17,EXAME,HEMOGRAMA COMPLETO,48.15,REALIZADO
3035,1007,2003,2025-05-12,EXAME,TOMOGRAFIA COMPUTADORIZADA,925.60,REALIZADO
3036,1008,2006,2025-06-09,EXAME,ULTRASSONOGRAFIA,212.10,REALIZADO
3037,1009,2011,2025-01-05,EXAME,RESSONANCIA MAGNETICA,1225.00,REALIZADO
3038,1010,2002,2025-02-26,TERAPIA,SESSAO QUIMIOTERAPIA,2280.00,REALIZADO
3039,1011,2005,2025-03-21,URGENCIA,ATENDIMENTO PRONTO SOCORRO,518.40,REALIZADO
3040,1012,2010,2025-04-17,CONSULTA,CONSULTA ESPECIALIZADA,273.00,REALIZADO
3041,1013,2001,2025-05-12,CONSULTA,CONSULTA ELETIVA,183.60,REALIZADO
3042,1014,2004,2025-06-09,INTERNACAO,INTERNACAO CLINICA 2 DIARIAS,3762.00,REALIZADO
3043,1015,2007,2025-01-05,TERAPIA,SESSAO FISIOTERAPIA,91.20,REALIZADO
3044,1016,2012,2025-02-26,EXAME,HEMOGRAMA COMPLETO,49.05,CANCELADO
3045,1017,2003,2025-03-21,EXAME,TOMOGRAFIA COMPUTADORIZADA,943.40,REALIZADO
3046,1018,2006,2025-04-17,EXAME,ULTRASSONOGRAFIA,216.30,REALIZADO
3047,1019,2011,2025-05-12,EXAME,RESSONANCIA MAGNETICA,1250.00,REALIZADO
3048,1020,2002,2025-06-09,TERAPIA,SESSAO QUIMIOTERAPIA,2328.00,REALIZADO
3005,1005,2004,2025-05-28,EXAME,RESSONANCIA MAGNETICA,1250.00,REALIZADO
3049,1002,2001,2025-03-14,CONSULTA,CONSULTA ELETIVA,-180.00,REALIZADO
3050,1006,2003,2025-04-08,EXAME,HEMOGRAMA COMPLETO,-45.00,REALIZADO
3051,9999,2001,2025-02-19,CONSULTA,CONSULTA ELETIVA,180.00,REALIZADO
3052,9999,2005,2025-05-06,TERAPIA,SESSAO FISIOTERAPIA,95.00,REALIZADO
3053,1011,9999,2025-03-23,EXAME,ULTRASSONOGRAFIA,210.00,REALIZADO
3054,,2002,2025-01-30,CONSULTA,CONSULTA ESPECIALIZADA,260.00,REALIZADO
3055,1013,,2025-06-11,EXAME,TOMOGRAFIA COMPUTADORIZADA,890.00,REALIZADO
3056,1014,2001,30/04/2025,URGENCIA,ATENDIMENTO PRONTO SOCORRO,480.00,REALIZADO
3057,1015,2006,2025-02-30,TERAPIA,SESSAO QUIMIOTERAPIA,2400.00,REALIZADO
3058,1019,2011,2025-06-18,CONSULTA,CONSULTA ELETIVA,180.00,XPTO
,1020,2004,2025-05-15,EXAME,RESSONANCIA MAGNETICA,1250.00,REALIZADO
3059,1008,2008,2025-04-22,CONSULTA,CONSULTA ELETIVA,180.00,REALIZADO
3060,1021,2009,2025-05-19,EXAME,HEMOGRAMA COMPLETO,45.00,REALIZADO
