id_beneficiario,nome,data_nascimento,sexo,plano,cidade,estado,data_cadastro,status
1001,MARIA SILVA,1985-03-12,F,ENFERMARIA,SAO PAULO,SP,2020-01-15,ATIVO
1001,MARIA SILVA SANTOS,1985-03-12,F,APARTAMENTO,SAO PAULO,SP,2023-06-10,ATIVO
1002,JOAO PEREIRA,1978-11-02,M,AMBULATORIAL,RIO DE JANEIRO,RJ,2019-05-20,ATIVO
1003,ana costa,1992-07-25,,APARTAMENTO,belo horizonte,mg,2021-02-11,ATIVO
1004,CARLOS SOUZA,1965-01-30,M,PREMIUM,CURITIBA,PR,2018-09-01,INATIVO
1005,FERNANDA LIMA,2000-12-05,F,ENFERMARIA,PORTO ALEGRE,RS,2022-03-14,ativo
1006,PEDRO ALVES,1988-04-18,M,AMBULATORIAL,CAMPINAS,SP,2020-07-22,ATIVO
1007,JULIANA ROCHA,1995-09-09,F,APARTAMENTO,SANTOS,SP,2021-11-30,
1008,RICARDO GOMES,1972-06-14,M,ENFERMARIA,NITEROI,RJ,2017-04-05,ATIVO
1009,PATRICIA DIAS,1983-02-28,X,PREMIUM,FLORIANOPOLIS,SC,2019-08-19,ATIVO
1010,LUCAS MARTINS,1999-05-21,M,AMBULATORIAL,SAO PAULO,XX,2023-01-09,ATIVO
1011,BEATRIZ NUNES,1991-10-11,F,ENFERMARIA,UBERLANDIA,MG,2020-12-01,ATIVO
1012,MARCOS OLIVEIRA,1960-08-08,M,APARTAMENTO,LONDRINA,PR,2016-03-17,INATIVO
1013,CAMILA FREITAS,1987-01-19,F,PREMIUM,RIO DE JANEIRO,RJ,2021-05-25,ATIVO
1014,ANDRE BARBOSA,1975-12-30,M,ENFERMARIA,SAO BERNARDO,SP,2018-10-10,ATIVO
1015,RENATA MENDES,1993-03-03,F,AMBULATORIAL,CAXIAS DO SUL,RS,2022-08-08,ATIVO
1016,,1980-04-04,M,ENFERMARIA,SOROCABA,SP,2019-02-14,ATIVO
1017,THIAGO RAMOS,1899-01-01,M,AMBULATORIAL,JOINVILLE,SC,2020-06-06,ATIVO
1018,VANESSA CARDOSO,1996-11-27,F,APARTAMENTO,BELO HORIZONTE,MG,2023-03-21,ATIVO
1019,GUSTAVO PINTO,1969-07-07,M,PREMIUM,SAO PAULO,SP,2015-01-05,ATIVO
1020,LARISSA MELO,2003-02-16,F,ENFERMARIA,CURITIBA,PR,2023-09-12,ATIVO
1021,FELIPE AZEVEDO,1990-05-05,M,AMBULATORIAL,PORTO ALEGRE,RS,2021-07-19,ATIVO
1022,SANDRA CORREIA,1958-09-23,F,PREMIUM,RIO DE JANEIRO,RJ,2014-11-11,ATIVO
1023,BRUNO TEIXEIRA,1984-06-01, m ,ENFERMARIA,SAO PAULO, SP ,2019-09-09,ATIVO
1024,ALINE MOREIRA,1997-08-30,F,APARTAMENTO,FLORIANOPOLIS,SC,2022-01-28,INATIVO
1025,DIEGO FARIAS,1981-10-17,M,AMBULATORIAL,UBERLANDIA,MG,2018-05-15,PENDENTE
1026,CRISTIANE LOPES,1994-04-12,F,ENFERMARIA,SANTOS,SP,2021-10-04,ATIVO
1027,RODRIGO CUNHA,1973-03-26,M,PREMIUM,LONDRINA,PR,2017-07-07,ATIVO
1028,TATIANE SANTOS,1989-12-09,F,AMBULATORIAL,NITEROI,RJ,2020-04-30,ATIVO
,BENEFICIARIO SEM ID,1986-02-02,F,ENFERMARIA,SAO PAULO,SP,2022-02-02,ATIVO
