id_prestador,nome_prestador,especialidade,cidade,estado,tipo_prestador,status
2001,HOSPITAL SAO LUCAS,CLINICA MEDICA,SAO PAULO,SP,HOSPITAL,ATIVO
2002,CLINICA CORACAO,CARDIOLOGIA,RIO DE JANEIRO,RJ,CLINICA,ATIVO
2002,CLINICA CORACAO LTDA,CARDIOLOGIA,RIO DE JANEIRO,RJ,CLINICA,ATIVO
2003,LAB DIAGNOSTICA,ANALISES CLINICAS,BELO HORIZONTE,MG,LABORATORIO,ATIVO
2004,HOSPITAL SANTA RITA,ORTOPEDIA,CURITIBA,PR,HOSPITAL,ATIVO
2005,CLINICA VIDA,PEDIATRIA,PORTO ALEGRE,RS,CLINICA,ATIVO
2006,CENTRO ONCOLOGICO SUL,ONCOLOGIA,FLORIANOPOLIS,SC,CLINICA,ATIVO
2007,CONSULTORIO DRA SILVA,DERMATOLOGIA,sao paulo,sp,CONSULTORIO,ativo
2008,HOSPITAL REGIONAL,,CAMPINAS,SP,HOSPITAL,ATIVO
2009,LAB EXAME RAPIDO,ANALISES CLINICAS,SANTOS,,LABORATORIO,ATIVO
2010,CLINICA OFTALMO VER,OFTALMOLOGIA,NITEROI,RJ,CLINICA,INATIVO
2011,HOSPITAL DAS CLINICAS NORTE,CLINICA MEDICA,UBERLANDIA,MG,HOSPITAL,ATIVO
2012,CLINICA ORTO MOVE,ORTOPEDIA,LONDRINA,PR,CLINICA,SUSPENSO
,PRESTADOR SEM ID,CLINICA MEDICA,SAO PAULO,SP,CLINICA,ATIVO
