id_sinistro,id_beneficiario,id_prestador,data_sinistro,tipo_despesa,valor,status
4001,1001,2001,2025-01-05,CONSULTA,165.60,PAGO
4002,1006,2010,2025-01-17,EXAME,329.60,PAGO
4003,1011,2005,2025-01-05,INTERNACAO,3906.00,PAGO
4004,1016,2002,2025-01-17,TERAPIA,790.40,GLOSADO
4005,1021,2011,2025-01-05,MEDICAMENTO,507.60,PAGO
4006,1026,2006,2025-01-17,URGENCIA,640.50,EM_ANALISE
4007,1003,2003,2025-02-05,CONSULTA,171.00,PAGO
4008,1008,2012,2025-02-17,EXAME,339.20,PAGO
4009,1013,2007,2025-02-05,INTERNACAO,4032.00,GLOSADO
4010,1018,2004,2025-02-17,TERAPIA,813.20,PAGO
4011,1023,2001,2025-02-05,MEDICAMENTO,523.80,EM_ANALISE
4012,1028,2010,2025-02-17,URGENCIA,658.80,PAGO
4013,1005,2005,2025-03-05,CONSULTA,176.40,PAGO
4014,1010,2002,2025-03-17,EXAME,348.80,GLOSADO
4015,1015,2011,2025-03-05,INTERNACAO,4158.00,PAGO
4016,1020,2006,2025-03-17,TERAPIA,836.00,EM_ANALISE
4017,1025,2003,2025-03-05,MEDICAMENTO,540.00,PAGO
4018,1002,2012,2025-03-17,URGENCIA,677.10,PAGO
4019,1007,2007,2025-04-05,CONSULTA,181.80,GLOSADO
4020,1012,2004,2025-04-17,EXAME,358.40,PAGO
4021,1017,2001,2025-04-05,INTERNACAO,4284.00,EM_ANALISE
4022,1022,2010,2025-04-17,TERAPIA,699.20,PAGO
4023,1027,2005,2025-04-05,MEDICAMENTO,556.20,PAGO
4024,1004,2002,2025-04-17,URGENCIA,567.30,PAGO
4025,1009,2011,2025-05-05,CONSULTA,187.20,PAGO
4026,1014,2006,2025-05-17,EXAME,300.80,EM_ANALISE
4027,1019,2003,2025-05-05,INTERNACAO,4410.00,PAGO
4028,1024,2012,2025-05-17,TERAPIA,722.00,PAGO
4029,1001,2007,2025-05-05,MEDICAMENTO,572.40,PAGO
4030,1006,2004,2025-05-17,URGENCIA,585.60,GLOSADO
4031,1011,2001,2025-06-05,CONSULTA,192.60,EM_ANALISE
4032,1016,2010,2025-06-17,EXAME,310.40,PAGO
4033,1021,2005,2025-06-05,INTERNACAO,4536.00,PAGO
4034,1026,2002,2025-06-17,TERAPIA,744.80,PAGO
4035,1003,2011,2025-06-05,MEDICAMENTO,588.60,GLOSADO
4036,1008,2006,2025-06-17,URGENCIA,603.90,PAGO
4010,1010,2003,2025-06-07,EXAME,320.00,PAGO
4037,1004,2001,2025-02-12,INTERNACAO,-4200.00,PAGO
4038,1007,2002,2025-03-05,CONSULTA,0.00,GLOSADO
4039,9999,2004,2025-04-17,TERAPIA,760.00,PAGO
4040,1012,9999,2025-05-09,MEDICAMENTO,540.00,PAGO
4041,,2005,2025-01-21,EXAME,320.00,PAGO
4042,1016,2006,2025-06-26,INTERNACAO,,PAGO
4043,1017,2011,2025-13-05,CONSULTA,180.00,PAGO
4044,1018,2007,2025-04-12,URGENCIA,610.00,LIQUIDADO
,1022,2010,2025-03-30,EXAME,320.00,PAGO
